bot,trials,mean_moves,std_error
Uniform,20,94.350000,0.898171
Markov,20,52.850000,2.737916
MonteCarlo,20,59.300000,2.428016
Smart,20,60.500000,2.306170
